{"cameraMode":{"drawMode":0,"name":"Shaded","section":"Shading Mode"},"sceneLighting":true,"audioPlay":false,"sceneViewState":{"showFog":true,"showMaterialUpdate":false,"showSkybox":true,"showFlares":true,"showImageEffects":true,"showParticleSystems":true},"in2DMode":false,"pivot":{"x":-1.75531005859375,"y":0.6840059757232666,"z":1.8170032501220704},"rotation":{"x":-0.09673609584569931,"y":0.8465542793273926,"z":-0.16483773291110993,"w":-0.49680620431900027},"size":10.0,"orthographic":false}