{"cameraMode":{"drawMode":0,"name":"Shaded","section":"Shading Mode"},"sceneLighting":false,"audioPlay":false,"sceneViewState":{"showFog":true,"showMaterialUpdate":false,"showSkybox":false,"showFlares":true,"showImageEffects":true,"showParticleSystems":true},"in2DMode":false,"pivot":{"x":-2.4999990463256838,"y":1.6099998950958253,"z":11.5},"rotation":{"x":-0.2072696089744568,"y":-0.015556685626506806,"z":0.003296398790553212,"w":-0.978156328201294},"size":86.5111312866211,"orthographic":false}