{"cameraMode":{"drawMode":0,"name":"Shaded","section":"Shading Mode"},"sceneLighting":false,"audioPlay":false,"sceneViewState":{"showFog":true,"showMaterialUpdate":false,"showSkybox":false,"showFlares":true,"showImageEffects":true,"showParticleSystems":true},"in2DMode":false,"pivot":{"x":5.222996711730957,"y":8.039742469787598,"z":-3.0322341918945314},"rotation":{"x":-0.07327266782522202,"y":-0.897929310798645,"z":0.1636829525232315,"w":-0.4019531011581421},"size":3.204691171646118,"orthographic":false}