{"cameraMode":{"drawMode":0,"name":"Shaded","section":"Shading Mode"},"sceneLighting":false,"audioPlay":false,"sceneViewState":{"showFog":true,"showMaterialUpdate":false,"showSkybox":false,"showFlares":true,"showImageEffects":true,"showParticleSystems":true},"in2DMode":false,"pivot":{"x":-24.196815490722658,"y":6.117682933807373,"z":-25.21819496154785},"rotation":{"x":-0.04472140222787857,"y":-0.439289927482605,"z":0.02188691310584545,"w":-0.8969910144805908},"size":4.890166282653809,"orthographic":false}