{"cameraMode":{"drawMode":0,"name":"Shaded","section":"Shading Mode"},"sceneLighting":true,"audioPlay":false,"sceneViewState":{"showFog":true,"showMaterialUpdate":false,"showSkybox":true,"showFlares":true,"showImageEffects":true,"showParticleSystems":true},"in2DMode":false,"pivot":{"x":-123.07266235351563,"y":341.9777526855469,"z":-450.190673828125},"rotation":{"x":-0.2550119161605835,"y":-0.3155708611011505,"z":0.08846215903759003,"w":-0.9097024202346802},"size":21.82234001159668,"orthographic":false}